# Self-seeded (monochromator) transmittance of a 20 um Cu foil, measured single shot by I. Inoue et al.;
# the shots are binned by pulse energy (E_lo..E_hi uJ, mean E_mid) at each photon energy E_ph (eV).
# T: median transmittance of the bin; T16/T84: 16th/84th percentile of the shots; T_err: standard error of the
# median; n_shot: estimated number of shots; T_cold: measured low-intensity transmittance.
E_ph,E_lo,E_hi,E_mid,T,T16,T84,T_err,n_shot,T_cold
8000,0.08,0.12,0.0983049,0.41129,0.4,0.424194,0.00156828,92.9636,0.412102
8005,0.08,0.12,0.0968545,0.41129,0.396774,0.424194,0.0018094,89.7022,0.408883
8010,0.08,0.12,0.0990593,0.41129,0.395161,0.424194,0.00188631,92.5329,0.410488
8015,0.08,0.12,0.0989292,0.413628,0.4,0.427419,0.0017092,100.528,0.41212
8019,0.08,0.12,0.0984582,0.412086,0.398387,0.424194,0.00173967,85.9571,0.41371
8022,0.08,0.12,0.0969193,0.409677,0.395161,0.422581,0.00171941,99.338,0.415331
8025,0.08,0.12,0.0967445,0.406452,0.393548,0.419355,0.00160306,101.232,0.412105
8027,0.08,0.12,0.0969038,0.408065,0.391935,0.420968,0.00169434,114.689,0.415323
8028,0.08,0.12,0.0991347,0.408065,0.395161,0.420968,0.00159081,102.797,0.416945
8029,0.08,0.12,0.0971523,0.406452,0.393548,0.419355,0.00162187,98.8975,0.415339
8032,0.08,0.12,0.0974352,0.41129,0.398164,0.424194,0.00149896,117.792,0.416931
8035,0.08,0.12,0.097514,0.412358,0.395161,0.423791,0.0018218,96.4733,0.418564
8038,0.08,0.12,0.097747,0.415708,0.403226,0.429032,0.00157746,104.544,0.416942
8041,0.08,0.12,0.0976564,0.414516,0.403226,0.429032,0.00156921,105.646,0.416944
8044,0.08,0.12,0.0992729,0.404839,0.390323,0.417742,0.00166644,105.754,0.416942
8046,0.08,0.12,0.0972509,0.4,0.385484,0.414516,0.00159391,129.597,0.41855
8047,0.08,0.12,0.0986624,0.398387,0.382258,0.412903,0.00176588,117.642,0.416941
8048,0.08,0.12,0.0977423,0.408065,0.393548,0.424685,0.00187276,107.978,0.420168
8049,0.08,0.12,0.0980603,0.412903,0.4,0.427419,0.00164814,108.115,0.418564
8050,0.08,0.12,0.0976219,0.412903,0.4,0.427419,0.00155564,121.355,0.416944
8052,0.08,0.12,0.0983075,0.412806,0.396774,0.426281,0.0017193,115.052,0.416941
8055,0.08,0.12,0.0981246,0.412903,0.396774,0.425806,0.00161964,125.512,0.420153
8060,0.08,0.12,0.0981752,0.417742,0.403226,0.430645,0.00161284,112.9,0.416938
8065,0.08,0.12,0.0973768,0.417742,0.403226,0.429032,0.00148834,117.439,0.423374
8070,0.08,0.12,0.09824,0.420968,0.406452,0.436965,0.00165154,133.34,0.41694
8080,0.08,0.12,0.0984397,0.422581,0.408065,0.433871,0.00149951,115.696,0.420142
8090,0.08,0.12,0.0981391,0.422581,0.408065,0.435484,0.00158716,116.582,0.420167
8100,0.08,0.12,0.0979359,0.425806,0.41129,0.43871,0.00161082,113.183,0.418534
8000,0.8,1.2,0.976559,0.412903,0.403226,0.422581,0.00128476,88.6539,0.412102
8005,0.8,1.2,0.976629,0.412903,0.4,0.422581,0.00143671,96.4933,0.408883
8010,0.8,1.2,0.979822,0.41129,0.4,0.419355,0.00133636,81.9396,0.410488
8015,0.8,1.2,0.983023,0.41129,0.401613,0.420968,0.00127037,90.6737,0.41212
8019,0.8,1.2,0.971975,0.406452,0.398387,0.417742,0.00124589,94.2714,0.41371
8022,0.8,1.2,0.989774,0.4,0.387097,0.41129,0.00149021,102.96,0.415331
8025,0.8,1.2,0.993182,0.382258,0.370968,0.393548,0.00136712,106.566,0.412105
8027,0.8,1.2,0.982041,0.380645,0.369355,0.391935,0.00137976,104.622,0.415323
8028,0.8,1.2,0.980944,0.387097,0.375806,0.398387,0.00132674,113.152,0.416945
8029,0.8,1.2,0.975052,0.395161,0.385484,0.404839,0.00117267,106.412,0.415339
8032,0.8,1.2,0.980413,0.406452,0.393548,0.416129,0.00139689,102.072,0.416931
8035,0.8,1.2,0.973087,0.406452,0.396774,0.416129,0.0012022,101.247,0.418564
8038,0.8,1.2,0.982918,0.401613,0.391928,0.41129,0.00124039,95.1802,0.416942
8041,0.8,1.2,0.987855,0.395161,0.383871,0.408065,0.00149966,101.665,0.416944
8044,0.8,1.2,0.968248,0.374194,0.36129,0.390323,0.00179388,102.314,0.416942
8046,0.8,1.2,0.974521,0.362903,0.35,0.375806,0.00151192,113.805,0.41855
8047,0.8,1.2,0.982769,0.362903,0.353226,0.377419,0.00146472,106.574,0.416941
8048,0.8,1.2,0.982301,0.372581,0.36129,0.383871,0.00134896,109.455,0.420168
8049,0.8,1.2,0.969515,0.38245,0.372581,0.395161,0.00134989,109.303,0.418564
8050,0.8,1.2,0.980525,0.390323,0.380645,0.4,0.00122883,96.9076,0.416944
8052,0.8,1.2,0.970465,0.4,0.390323,0.408065,0.00118295,87.8681,0.416941
8055,0.8,1.2,0.991313,0.404839,0.396774,0.413299,0.0010759,92.1503,0.420153
8060,0.8,1.2,0.972723,0.414516,0.404839,0.422581,0.00110651,100.427,0.416938
8065,0.8,1.2,0.971129,0.417837,0.409677,0.427419,0.00120769,84.3051,0.423374
8070,0.8,1.2,0.977143,0.417742,0.406452,0.427419,0.0013074,100.472,0.41694
8080,0.8,1.2,0.973621,0.422581,0.412903,0.432258,0.00121603,98.9574,0.420142
8090,0.8,1.2,0.981098,0.422581,0.41129,0.431392,0.00125134,100.804,0.420167
8100,0.8,1.2,0.982764,0.424194,0.41129,0.433871,0.00135037,109.227,0.418534
8000,4.5,5.5,5.1283,0.406452,0.395161,0.417715,0.00236422,35.5483,0.412102
8005,4.5,5.5,5.03198,0.406452,0.395161,0.414516,0.00179339,45.4978,0.408883
8010,4.5,5.5,5.07375,0.403722,0.393548,0.416129,0.00227705,38.4139,0.410488
8015,4.5,5.5,4.99583,0.401613,0.393548,0.414131,0.00197255,42.5316,0.41212
8019,4.5,5.5,5.02318,0.387097,0.375806,0.398387,0.00200813,49.3911,0.41371
8022,4.5,5.5,5.03889,0.367742,0.357303,0.379032,0.00186462,53.0493,0.415331
8025,4.5,5.5,5.03353,0.351613,0.343548,0.358065,0.00147649,37.7574,0.412105
8027,4.5,5.5,5.00081,0.35,0.340821,0.36129,0.0018756,46.5251,0.415323
8028,4.5,5.5,5.03154,0.359677,0.346774,0.370968,0.0020635,53.6971,0.416945
8029,4.5,5.5,5.04549,0.36129,0.35,0.374194,0.00223042,45.9604,0.415339
8032,4.5,5.5,5.02982,0.372484,0.36129,0.385484,0.00205054,54.3781,0.416931
8035,4.5,5.5,5.03344,0.37297,0.36129,0.391935,0.00266963,51.4733,0.418564
8038,4.5,5.5,5.06392,0.36129,0.35,0.37494,0.0021027,54.9523,0.416942
8041,4.5,5.5,5.04548,0.358065,0.343548,0.372581,0.00237259,58.4894,0.416944
8044,4.5,5.5,5.01642,0.325806,0.314516,0.340096,0.00214288,55.6643,0.416942
8046,4.5,5.5,5.02531,0.316129,0.306452,0.325806,0.00186383,42.1237,0.41855
8047,4.5,5.5,4.99999,0.319955,0.309677,0.330645,0.00186472,49.3896,0.416941
8048,4.5,5.5,5.0484,0.330645,0.319355,0.341935,0.00196342,51.6661,0.420168
8049,4.5,5.5,5.03344,0.340323,0.330645,0.351613,0.00178849,53.6896,0.418564
8050,4.5,5.5,5.00261,0.349971,0.33871,0.359677,0.00182701,51.4493,0.416944
8052,4.5,5.5,5.04373,0.36129,0.35,0.373628,0.00205466,51.657,0.416941
8055,4.5,5.5,5.06161,0.382258,0.370968,0.393843,0.00192115,55.3829,0.420153
8060,4.5,5.5,5.07594,0.395161,0.387097,0.404839,0.00172145,41.4928,0.416938
8065,4.5,5.5,5.02714,0.403226,0.393548,0.41129,0.00161311,47.2537,0.423374
8070,4.5,5.5,5.02925,0.412903,0.401613,0.424194,0.00190663,54.7898,0.41694
8080,4.5,5.5,5.02395,0.416129,0.404839,0.425778,0.00190392,47.2469,0.420142
8090,4.5,5.5,5.035,0.416129,0.406452,0.425806,0.00169954,50.6614,0.420167
8100,4.5,5.5,5.06109,0.424194,0.41129,0.433871,0.00202447,48.5969,0.418534
8000,9,11,10.0087,0.404839,0.393548,0.414516,0.00189292,47.929,0.412102
8005,9,11,9.9826,0.406452,0.393548,0.416129,0.00196656,51.5013,0.408883
8010,9,11,9.95572,0.401613,0.391935,0.412903,0.00194175,45.5488,0.410488
8015,9,11,9.91464,0.391633,0.380645,0.403226,0.00211162,44.6684,0.41212
8019,9,11,10.0046,0.377419,0.366013,0.390323,0.0021089,51.9036,0.41371
8022,9,11,10.0343,0.356452,0.345161,0.369355,0.00201815,56.1373,0.415331
8025,9,11,10.0085,0.337097,0.329032,0.35,0.0019322,46,0.412105
8027,9,11,9.98208,0.337097,0.325787,0.348387,0.00202253,48.7753,0.415323
8028,9,11,9.93117,0.34008,0.329032,0.354839,0.00219663,53.914,0.416945
8029,9,11,9.94891,0.341935,0.330645,0.356452,0.00240871,44.8381,0.415339
8032,9,11,9.9556,0.353226,0.340323,0.364516,0.00201182,56.491,0.416931
8035,9,11,9.90219,0.351613,0.340323,0.366129,0.00243826,43.758,0.418564
8038,9,11,9.99822,0.340323,0.327419,0.353226,0.00214286,56.6537,0.416942
8041,9,11,10.0164,0.332258,0.319285,0.35,0.00236825,65.7077,0.416944
8044,9,11,10.0516,0.308065,0.293548,0.320968,0.00217316,62.1857,0.416942
8046,9,11,9.99506,0.298387,0.28871,0.309677,0.00181435,52.1703,0.41855
8047,9,11,9.99909,0.303226,0.292456,0.314516,0.00189213,53.0957,0.416941
8048,9,11,9.97295,0.312903,0.303226,0.327419,0.00211392,51.1661,0.420168
8049,9,11,9.96961,0.319355,0.309677,0.332258,0.00197327,51.1517,0.418564
8050,9,11,9.97672,0.327419,0.317742,0.340323,0.00183873,58.9112,0.416944
8052,9,11,9.96521,0.340323,0.329032,0.353226,0.00203762,55.0695,0.416941
8055,9,11,9.97916,0.362903,0.353226,0.374194,0.00191539,46.8112,0.420153
8060,9,11,9.97395,0.380645,0.370916,0.390323,0.00166209,53.2527,0.416938
8065,9,11,9.95389,0.393548,0.385484,0.403226,0.00163035,46.2592,0.423374
8070,9,11,9.93802,0.406452,0.39155,0.420968,0.00240681,58.3565,0.41694
8080,9,11,9.96296,0.41129,0.4,0.422581,0.00192147,53.9467,0.420142
8090,9,11,9.93465,0.412903,0.403226,0.422581,0.00174954,47.807,0.420167
8100,9,11,10.0529,0.419355,0.406452,0.431216,0.00210258,54.1869,0.418534
8000,18,22,19.9032,0.404839,0.396774,0.41129,0.00153375,34.9909,0.412102
8005,18,22,19.6366,0.399975,0.390323,0.409677,0.00180553,44.8879,0.408883
8010,18,22,19.7929,0.393548,0.383871,0.403226,0.00190721,40.2291,0.410488
8015,18,22,19.7874,0.382258,0.370968,0.393548,0.00202474,48.5842,0.41212
8019,18,22,19.8531,0.362903,0.351613,0.374194,0.00205468,47.1786,0.41371
8022,18,22,19.8958,0.343548,0.335484,0.353226,0.0016827,43.4261,0.415331
8025,18,22,19.8,0.322581,0.314516,0.330645,0.00157677,40.8732,0.412105
8027,18,22,19.8573,0.319355,0.309677,0.327419,0.0016647,44.37,0.415323
8028,18,22,19.7971,0.320968,0.31129,0.332225,0.00186676,49.129,0.416945
8029,18,22,19.9682,0.320968,0.31129,0.332258,0.00192581,46.3058,0.415339
8032,18,22,19.9439,0.322581,0.312903,0.333871,0.00199647,43.086,0.416931
8035,18,22,19.9943,0.319355,0.31129,0.333871,0.00263964,28.5854,0.418564
8038,18,22,19.843,0.309677,0.3,0.319355,0.00172808,49.0018,0.416942
8041,18,22,19.6937,0.308065,0.296774,0.326788,0.00271208,47.8398,0.416944
8044,18,22,19.8299,0.28871,0.277419,0.303226,0.00231531,48.5286,0.416942
8046,18,22,19.9183,0.280645,0.270968,0.290323,0.00179102,45.6183,0.41855
8047,18,22,19.7397,0.287097,0.277419,0.296774,0.00181383,44.4783,0.416941
8048,18,22,19.8516,0.295161,0.285484,0.304839,0.00179731,45.2996,0.420168
8049,18,22,19.836,0.295161,0.285484,0.304839,0.00195174,38.4145,0.418564
8050,18,22,19.8366,0.301613,0.290323,0.31129,0.00189478,47.8351,0.416944
8052,18,22,19.7825,0.31129,0.300848,0.324708,0.00216708,47.3527,0.416941
8055,18,22,19.7488,0.332258,0.320968,0.343548,0.00196752,51.451,0.420153
8060,18,22,19.7313,0.35,0.33871,0.36129,0.00196717,51.4695,0.416938
8065,18,22,19.766,0.370968,0.359098,0.387097,0.00257028,46.3529,0.423374
8070,18,22,19.7556,0.39292,0.375806,0.408065,0.00258476,60.841,0.41694
8080,18,22,19.9091,0.398387,0.383871,0.413137,0.00242671,56.8117,0.420142
8090,18,22,19.8814,0.408065,0.398387,0.417982,0.00176647,48.0649,0.420167
8100,18,22,19.6229,0.412903,0.406452,0.424194,0.00189105,34.3841,0.418534
8000,27,33,29.7515,0.401613,0.396774,0.406452,0.00166566,13.1858,0.412102
8005,27,33,29.8647,0.396774,0.387194,0.403226,0.00188558,28.2386,0.408883
8010,27,33,29.6561,0.38871,0.380645,0.396774,0.00182838,30.3979,0.410488
8015,27,33,29.8001,0.374194,0.367742,0.382258,0.00191919,22.3474,0.41212
8019,27,33,29.9555,0.358065,0.35,0.364516,0.00159473,32.3661,0.41371
8022,27,33,29.9885,0.337097,0.330645,0.343548,0.00144141,31.3028,0.415331
8025,27,33,30.224,0.317742,0.309677,0.324194,0.00146037,38.5956,0.412105
8027,27,33,30.0895,0.312903,0.306452,0.320968,0.0014868,37.2352,0.415323
8028,27,33,30.2032,0.312903,0.306853,0.320709,0.00158799,29.7384,0.416945
8029,27,33,29.9582,0.312903,0.306452,0.320968,0.00151955,35.6475,0.415339
8032,27,33,30.2419,0.308065,0.3,0.316129,0.00176617,32.5771,0.416931
8035,27,33,29.9778,0.304839,0.295161,0.31129,0.00204899,24.2046,0.418564
8038,27,33,30.0187,0.295161,0.287097,0.304839,0.00178018,38.8004,0.416942
8041,27,33,30.2367,0.293548,0.282258,0.306452,0.0022715,44.3134,0.416944
8044,27,33,30.2235,0.280645,0.272581,0.28871,0.00173241,33.8589,0.416942
8046,27,33,29.9617,0.274194,0.266129,0.280645,0.00143682,39.871,0.41855
8047,27,33,29.8568,0.275806,0.267742,0.283871,0.00164336,37.6278,0.416941
8048,27,33,30.3262,0.280645,0.274194,0.287097,0.00151244,28.4314,0.420168
8049,27,33,30.1651,0.283871,0.275806,0.293548,0.00175413,39.9612,0.418564
8050,27,33,30.1566,0.285484,0.277419,0.291935,0.00144455,39.4457,0.416944
8052,27,33,29.9138,0.295161,0.285484,0.304839,0.00187873,41.4582,0.416941
8055,27,33,29.9137,0.309677,0.3,0.320968,0.00199172,43.292,0.420153
8060,27,33,30.1407,0.327419,0.319355,0.345161,0.00328034,24.1756,0.416938
8065,27,33,28.9462,0.345161,0.332258,0.353226,0.004135,10.0441,0.423374
8070,27,33,30.0042,0.381286,0.359677,0.4,0.00363532,48.0585,0.41694
8080,27,33,30.2876,0.387097,0.370968,0.404233,0.00284658,53.3464,0.420142
8090,27,33,30.2623,0.396774,0.385484,0.408065,0.00211921,44.3491,0.420167
8100,27,33,30.1057,0.409677,0.4,0.424194,0.00240376,39.5709,0.418534
8000,36,44,38.8572,0.401597,0.396774,0.405462,0.00222968,5.93078,0.412102
8005,36,44,38.8081,0.395161,0.391065,0.404839,0.00236263,13.2753,0.408883
8010,36,44,39.7053,0.38871,0.383871,0.391935,0.00161247,9.77087,0.410488
8015,36,44,39.2526,0.372581,0.364656,0.377419,0.00179354,19.7807,0.41212
8019,36,44,39.7401,0.356452,0.35,0.366004,0.00205629,23.6607,0.41371
8022,36,44,39.2099,0.33871,0.333871,0.343548,0.00147306,16.8592,0.415331
8025,36,44,38.6765,0.316129,0.309677,0.324194,0.001914,22.4687,0.412105
8027,36,44,39.8482,0.314298,0.306452,0.320968,0.00172832,27.5559,0.415323
8028,36,44,39.1268,0.31129,0.303226,0.317742,0.001975,21.1022,0.416945
8029,36,44,39.5529,0.309677,0.304839,0.316129,0.00142119,24.6529,0.415339
8032,36,44,39.209,0.306452,0.301613,0.312903,0.00150328,22.0341,0.416931
8035,36,44,39.5383,0.306452,0.291935,0.30866,0.00346355,9.10854,0.418564
8038,36,44,39.5738,0.291449,0.285484,0.298387,0.00156758,26.4664,0.416942
8041,36,44,39.0093,0.28871,0.277419,0.298387,0.00214132,37.4542,0.416944
8044,36,44,39.2825,0.274194,0.264516,0.283871,0.00197408,37.55,0.416942
8046,36,44,39.4516,0.269355,0.26129,0.279032,0.00184176,36.2491,0.41855
8047,36,44,39.6207,0.272581,0.263985,0.279032,0.00165577,32.2626,0.416941
8048,36,44,39.9345,0.277419,0.269355,0.282258,0.00171416,22.1336,0.420168
8049,36,44,39.4885,0.277419,0.269355,0.285484,0.00174468,33.3845,0.418564
8050,36,44,39.2883,0.279032,0.272581,0.285484,0.00141237,32.6033,0.416944
8052,36,44,39.3671,0.285484,0.279032,0.291935,0.0015561,26.8584,0.416941
8055,36,44,39.2502,0.3,0.29037,0.31129,0.00203581,41.25,0.420153
8060,36,44,38.9743,0.316129,0.309677,0.319355,0.00208917,8.38172,0.416938
8070,36,44,39.3446,0.359677,0.345161,0.390323,0.00445,40.2322,0.41694
8080,36,44,39.5324,0.371121,0.359652,0.395161,0.0032924,45.4387,0.420142
8090,36,44,39.4174,0.391935,0.374194,0.406452,0.00312075,41.7368,0.420167
8100,36,44,39.6272,0.4,0.384988,0.412903,0.00330026,27.9481,0.418534
8005,45,55,49.0113,0.396774,0.388987,0.40067,0.00260079,7.88161,0.408883
8015,45,55,47.4308,0.377419,0.364516,0.379032,0.00380067,5.69825,0.41212
8019,45,55,47.6837,0.353885,0.347643,0.362903,0.00285952,11.125,0.41371
8022,45,55,47.8117,0.33805,0.332258,0.343548,0.00199041,12.5687,0.415331
8025,45,55,48.4538,0.319355,0.31129,0.330645,0.00323109,14.0165,0.412105
8027,45,55,49.0834,0.315504,0.309677,0.320968,0.00161845,19.0097,0.415323
8028,45,55,48.7651,0.309677,0.306452,0.317742,0.00216789,10.595,0.416945
8029,45,55,49.9579,0.309677,0.303226,0.312903,0.00151337,15.973,0.415339
8032,45,55,48.894,0.304839,0.299746,0.308798,0.00178969,9.99283,0.416931
8035,45,55,49.7332,0.309677,0.308065,0.312903,0.00146191,4.27936,0.418564
8038,45,55,48.9568,0.290323,0.282258,0.295161,0.00186036,18.7915,0.416942
8041,45,55,47.8054,0.2831,0.272581,0.290323,0.00260854,18.0704,0.416944
8044,45,55,48.936,0.272581,0.266989,0.280645,0.00170852,24.9554,0.416942
8046,45,55,48.5134,0.266129,0.26022,0.274194,0.00180307,23.4624,0.41855
8047,45,55,48.5857,0.269355,0.264516,0.277419,0.00188666,18.2713,0.416941
8048,45,55,49.0576,0.274194,0.269355,0.277419,0.00134726,13.9964,0.420168
8049,45,55,49.6881,0.277419,0.270968,0.283871,0.00157381,26.2575,0.418564
8050,45,55,49.079,0.279032,0.269355,0.287097,0.00226827,23.8986,0.416944
8052,45,55,49.0575,0.283619,0.276764,0.289372,0.00165471,22.6807,0.416941
8055,45,55,49.1324,0.291935,0.283871,0.301613,0.00207628,28.5227,0.420153
8070,45,55,48.8372,0.366129,0.337274,0.387097,0.0052377,35.3455,0.41694
8080,45,55,49.0702,0.367742,0.351746,0.390323,0.00503146,22.9627,0.420142
8090,45,55,49.2633,0.381827,0.359677,0.4,0.00473705,28.3035,0.420167
8100,45,55,48.6486,0.401613,0.379032,0.412903,0.00537432,15.5156,0.418534
